{"energy": [-11129.2556, -11137.815400000001, -11144.047299999998, -11148.058899999998, -11149.961, -11149.8524, -11147.830100000001, -11144.030600000002, -11138.447, -11131.225000000002], "volume": [8861.968996546393, 8983.087637206205, 9105.304852143063, 9228.62560106023, 9353.054843660995, 9478.597539648616, 9605.25864872642, 9733.04313059767, 9861.955944965624, 9992.002051533595]}